<?xml version="1.0"?>
<doc>
    <assembly>
        <name>Assembly.PromoteNTA</name>
    </assembly>
    <members>
        <member name="T:Assembly.PromoteNTA.PromoteNTA">
            <summary>
            
            </summary>
        </member>
        <member name="M:Assembly.PromoteNTA.PromoteNTA.GetNotificationTrayAppState(System.String)">
            <summary>
            Gets the current Notification Tray promotion state for an applcation. Returns the PromoteState value curently set.
            </summary>
            <param name="applicationName">
            The name of the application (.exe)
            </param>
            <returns>
            PromoteState value currently set
            </returns>
        </member>
        <member name="M:Assembly.PromoteNTA.PromoteNTA.GetNotificationTrayAppState(System.String,System.Boolean)">
            <summary>
            Gets the current Notification Tray promotion state for an applcation. Returns the PromoteState value curently set.
            </summary>
            <param name="applicationName">
            The name of the application (.exe)
            </param>
            <param name="caseSensitive">
            Whether to search with case sensitivity or not
            </param>
            <returns>
            PromoteState value currently set
            </returns>
        </member>
        <member name="M:Assembly.PromoteNTA.PromoteNTA.PromoteNotificationTrayApp(System.String)">
            <summary>
            Promotes a Notification Tray App/Icon to always show. Returns the boolean value of true if the app was 
            found and the setting applied, or false if the application was not found.
            </summary>
            <param name="applicationName">
            The name of the application (.exe)
            </param>
        </member>
        <member name="M:Assembly.PromoteNTA.PromoteNTA.PromoteNotificationTrayApp(System.String,System.Boolean)">
            <summary>
            Promotes a Notification Tray App/Icon to always show. Returns the boolean value of true if the app was 
            found and the setting applied, or false if the application was not found.
            </summary>
            <param name="applicationName">
            The name of the application (.exe)
            </param>
            <param name="caseSensitive">
            Whether to search with case sensitivity or not
            </param>
        </member>
        <member name="M:Assembly.PromoteNTA.PromoteNTA.PromoteNotificationTrayApp(System.String,Assembly.PromoteNTA.PromoteNTA.PromoteState)">
            <summary>
            Promotes a Notification Tray App/Icon to either always show, only show notifications or
            don't show at all (remain hidden). Returns the boolean value of true if the app was 
            found and the setting applied, or false if the application was not found.
            </summary>
            <param name="applicationName">
            The name of the application (.exe)
            </param>
            <param name="promoteState">
            The state that you want for the Notification Tray App/Icon: always show, 
            always hide or only show notifications
            </param>
        </member>
        <member name="M:Assembly.PromoteNTA.PromoteNTA.PromoteNotificationTrayApp(System.String,System.Boolean,Assembly.PromoteNTA.PromoteNTA.PromoteState)">
            <summary>
            Promotes a Notification Tray App/Icon to either always show, only show notifications or
            don't show at all (remain hidden). Returns the boolean value of true if the app was 
            found and the setting applied, or false if the application was not found.
            </summary>
            <param name="applicationName">
            The name of the application (.exe)
            </param>
            <param name="caseSensitive">
            Whether to search with case sensitivity or not
            </param>
            <param name="promoteState">
            The state that you want for the Notification Tray App/Icon: always show, 
            always hide or only show notifications
            </param>
        </member>
        <member name="M:Assembly.PromoteNTA.PromoteNTA.Transform(System.String)">
            <summary>
            Parses the String value and performs a Rot13 reversal. Returns the decrypted String.
            </summary>
            <param name="value">
            A String value containing the Rot13 encrypted data
            </param>
            <returns>
            String value of the parsed string decrypted
            </returns>
        </member>
        <member name="T:Assembly.PromoteNTA.PromoteNTA.PromoteState">
            <summary>
            The state to promote the Notification Tray app/icon to
            </summary>
        </member>
        <member name="F:Assembly.PromoteNTA.PromoteNTA.PromoteState.PS_NotFoundorError">
            <summary> Could not find application to promote/Error setting promotion state </summary>
        </member>
        <member name="F:Assembly.PromoteNTA.PromoteNTA.PromoteState.PS_NotifyOnly">
            <summary> Only show notifications and hide </summary>
        </member>
        <member name="F:Assembly.PromoteNTA.PromoteNTA.PromoteState.PS_Hidden">
            <summary> Always hidden </summary>
        </member>
        <member name="F:Assembly.PromoteNTA.PromoteNTA.PromoteState.PS_Show">
            <summary> Always visible </summary>
        </member>
        <member name="T:Assembly.PromoteNTA.Properties.Resources">
            <summary>
              A strongly-typed resource class, for looking up localized strings, etc.
            </summary>
        </member>
        <member name="P:Assembly.PromoteNTA.Properties.Resources.ResourceManager">
            <summary>
              Returns the cached ResourceManager instance used by this class.
            </summary>
        </member>
        <member name="P:Assembly.PromoteNTA.Properties.Resources.Culture">
            <summary>
              Overrides the current thread's CurrentUICulture property for all
              resource lookups using this strongly typed resource class.
            </summary>
        </member>
        <member name="P:Assembly.PromoteNTA.Properties.Resources.ReadMe">
             <summary>
               Looks up a localized string similar to  ------------------------------------
            | Assembly.PromoteNTA.dll XML Readme |
            | ©2013 Adam Smith-Plats             |
             ------------------------------------
            
            In this directory you shall find an XML file with the same name as the DLL file that you have downloaded.
            The reason for this XML is so that developers using this resource can utilise Visual Studio IntelliSence 
            to see the method summaries and parameter explanations. Unfortunately a [Visual Studio] compiled DLL does not
            get the IntelliSence data compiled, and there i [rest of string was truncated]&quot;;.
             </summary>
        </member>
    </members>
</doc>
